지점,지점명,일시,기온(°C),강수량(mm),풍속(m/s),풍향(16방위),습도(%)
278,의성,2025-03-12 00:00,3.7,,0,0,59
278,의성,2025-03-12 01:00,2.5,,.1,0,66
278,의성,2025-03-12 02:00,1.6,,.2,0,68
278,의성,2025-03-12 03:00,.8,,.5,360,72
278,의성,2025-03-12 04:00,-.2,,.3,0,77
278,의성,2025-03-12 05:00,-.6,,.4,0,79
278,의성,2025-03-12 06:00,-.7,,.2,0,81
278,의성,2025-03-12 07:00,-.4,,0,0,79
278,의성,2025-03-12 08:00,.8,,.1,0,76
278,의성,2025-03-12 09:00,3.8,,.2,0,66
278,의성,2025-03-12 10:00,7.8,,.9,50,56
278,의성,2025-03-12 11:00,14.4,,2.4,250,33
278,의성,2025-03-12 12:00,16.5,,3.1,250,31
278,의성,2025-03-12 13:00,16.2,,2.9,290,31
278,의성,2025-03-12 14:00,15.8,,3.3,270,33
278,의성,2025-03-12 15:00,16.7,,4.3,270,42
278,의성,2025-03-12 16:00,16.4,,4,290,42
278,의성,2025-03-12 17:00,16,,3.4,290,42
278,의성,2025-03-12 18:00,14.8,,2.4,290,45
278,의성,2025-03-12 19:00,13.3,,2.2,270,51
278,의성,2025-03-12 20:00,12.8,,2.1,290,56
278,의성,2025-03-12 21:00,10.5,,.6,320,63
278,의성,2025-03-12 22:00,9.9,,.3,0,69
278,의성,2025-03-12 23:00,8.5,,.3,0,73
278,의성,2025-03-13 00:00,10.7,,1.9,270,55
278,의성,2025-03-13 01:00,9.8,,2.4,290,58
278,의성,2025-03-13 02:00,7.4,,.1,0,69
278,의성,2025-03-13 03:00,6.6,,.9,90,72
278,의성,2025-03-13 04:00,5.5,,.3,0,78
278,의성,2025-03-13 05:00,4.4,,.3,0,82
278,의성,2025-03-13 06:00,3.9,,.1,0,84
278,의성,2025-03-13 07:00,3.4,,.4,0,86
278,의성,2025-03-13 08:00,4.3,,.1,0,85
278,의성,2025-03-13 09:00,6.6,,.3,0,75
278,의성,2025-03-13 10:00,10.8,,.7,250,53
278,의성,2025-03-13 11:00,13.4,,2.1,360,21
278,의성,2025-03-13 12:00,14.5,,2.3,290,23
278,의성,2025-03-13 13:00,15.9,,1.5,250,21
278,의성,2025-03-13 14:00,16.6,,1.8,20,16
278,의성,2025-03-13 15:00,17.3,,2.1,20,14
278,의성,2025-03-13 16:00,17.3,,2.1,270,16
278,의성,2025-03-13 17:00,17.2,,1.7,250,16
278,의성,2025-03-13 18:00,16,,.9,230,19
278,의성,2025-03-13 19:00,10.2,,.5,50,37
278,의성,2025-03-13 20:00,7.5,,.7,360,45
278,의성,2025-03-13 21:00,5.6,,.3,0,50
278,의성,2025-03-13 22:00,4.2,,.2,0,54
278,의성,2025-03-13 23:00,4,,0,0,57
278,의성,2025-03-14 00:00,3.6,,.1,0,60
278,의성,2025-03-14 01:00,3.2,,.2,0,61
278,의성,2025-03-14 02:00,2.4,,.4,0,65
278,의성,2025-03-14 03:00,2,,.1,0,67
278,의성,2025-03-14 04:00,1.1,,.1,0,72
278,의성,2025-03-14 05:00,-.2,,0,0,77
278,의성,2025-03-14 06:00,-1,,.1,0,80
278,의성,2025-03-14 07:00,-1.1,,.4,0,82
278,의성,2025-03-14 08:00,.9,,0,0,73
278,의성,2025-03-14 09:00,6.2,,.3,0,53
278,의성,2025-03-14 10:00,11,,.9,320,38
278,의성,2025-03-14 11:00,15.2,,1.3,250,26
278,의성,2025-03-14 12:00,16.8,,1.3,90,20
278,의성,2025-03-14 13:00,18.6,,1.9,180,16
278,의성,2025-03-14 14:00,19,,2.1,140,15
278,의성,2025-03-14 15:00,18.7,,2.5,110,17
278,의성,2025-03-14 16:00,17.5,,3.4,90,21
278,의성,2025-03-14 17:00,15.7,,3.2,90,29
278,의성,2025-03-14 18:00,13.2,,2.3,90,32
278,의성,2025-03-14 19:00,10.6,,2.8,90,47
278,의성,2025-03-14 20:00,8.9,,1.3,70,51
278,의성,2025-03-14 21:00,8.3,,.6,90,55
278,의성,2025-03-14 22:00,7.6,,0,0,60
278,의성,2025-03-14 23:00,6.9,,.5,70,63
278,의성,2025-03-15 00:00,6.9,,.4,0,67
278,의성,2025-03-15 01:00,7.2,,.4,0,70
278,의성,2025-03-15 02:00,7,,.5,250,71
278,의성,2025-03-15 03:00,6.2,,.2,0,77
278,의성,2025-03-15 04:00,6.8,,1,90,72
278,의성,2025-03-15 05:00,6.5,,.1,0,71
278,의성,2025-03-15 06:00,6.1,,.4,0,73
278,의성,2025-03-15 07:00,6.1,,0,0,74
278,의성,2025-03-15 08:00,6.1,,.1,0,74
278,의성,2025-03-15 09:00,8,0,2.9,70,57
278,의성,2025-03-15 10:00,8.2,,1.9,110,68
278,의성,2025-03-15 11:00,8.4,,2.7,110,61
278,의성,2025-03-15 12:00,9.1,0,2.4,110,55
278,의성,2025-03-15 13:00,8.9,,2.4,90,56
278,의성,2025-03-15 14:00,9.4,,2.4,70,56
278,의성,2025-03-15 15:00,8.3,0,2.8,90,65
278,의성,2025-03-15 16:00,8,,3,50,69
278,의성,2025-03-15 17:00,8,,2.2,70,66
278,의성,2025-03-15 18:00,7.5,,2.3,70,70
278,의성,2025-03-15 19:00,7.1,,2.1,70,71
278,의성,2025-03-15 20:00,6.8,,1.3,50,72
278,의성,2025-03-15 21:00,6.7,,2,50,74
278,의성,2025-03-15 22:00,6.4,,1.5,20,78
278,의성,2025-03-15 23:00,6.5,,1.2,50,77
278,의성,2025-03-16 00:00,6.5,,1.2,50,76
278,의성,2025-03-16 01:00,6.3,,.8,20,76
278,의성,2025-03-16 02:00,6.2,,.5,360,77
278,의성,2025-03-16 03:00,6.2,,.5,50,78
278,의성,2025-03-16 04:00,6.1,,.5,70,77
278,의성,2025-03-16 05:00,5.7,,.4,0,82
278,의성,2025-03-16 06:00,5.2,0,.6,20,84
278,의성,2025-03-16 07:00,5,,.2,0,86
278,의성,2025-03-16 08:00,5.4,,.2,0,88
278,의성,2025-03-16 09:00,6.1,.1,.4,0,82
278,의성,2025-03-16 10:00,6.9,,.8,320,73
278,의성,2025-03-16 11:00,7.1,,1.3,270,79
278,의성,2025-03-16 12:00,7.6,0,1.5,270,81
278,의성,2025-03-16 13:00,7.5,,1.5,270,85
278,의성,2025-03-16 14:00,6.3,,3.1,270,82
278,의성,2025-03-16 15:00,4.4,1.6,3.7,290,85
278,의성,2025-03-16 16:00,5.3,,1.8,290,74
278,의성,2025-03-16 17:00,5.1,,2.9,320,59
278,의성,2025-03-16 18:00,4.9,.2,3.4,290,48
278,의성,2025-03-16 19:00,4,,3.8,290,38
278,의성,2025-03-16 20:00,2.6,,4.6,290,43
278,의성,2025-03-16 21:00,1.4,,2.7,290,48
278,의성,2025-03-16 22:00,.9,,3.5,270,48
278,의성,2025-03-16 23:00,.5,,2.5,270,49
278,의성,2025-03-17 00:00,-.1,,1.6,270,54
278,의성,2025-03-17 01:00,-.3,,2.1,270,59
278,의성,2025-03-17 02:00,.1,,1.8,270,58
278,의성,2025-03-17 03:00,.9,,2.6,290,50
278,의성,2025-03-17 04:00,1.5,,3,290,47
278,의성,2025-03-17 05:00,.8,,1.4,270,49
278,의성,2025-03-17 06:00,-1.3,,.1,0,64
278,의성,2025-03-17 07:00,-2.7,,.3,0,72
278,의성,2025-03-17 08:00,.5,,.4,0,61
278,의성,2025-03-17 09:00,2.9,,2.8,290,43
278,의성,2025-03-17 10:00,4.7,,2.8,290,41
278,의성,2025-03-17 11:00,4.9,,3.2,320,38
278,의성,2025-03-17 12:00,6.9,,3.5,290,35
278,의성,2025-03-17 13:00,7.9,,4,290,30
278,의성,2025-03-17 14:00,8.3,,3.5,270,28
278,의성,2025-03-17 15:00,7.9,,3.6,270,23
278,의성,2025-03-17 16:00,8,,4.1,270,22
278,의성,2025-03-17 17:00,7.4,,2,290,21
278,의성,2025-03-17 18:00,6.9,,1.9,270,22
278,의성,2025-03-17 19:00,3.3,,.8,360,41
278,의성,2025-03-17 20:00,.7,,1,50,48
278,의성,2025-03-17 21:00,-1.3,,.2,0,54
278,의성,2025-03-17 22:00,-2.2,,.2,0,57
278,의성,2025-03-17 23:00,-2.2,,.3,0,58
278,의성,2025-03-18 00:00,-2.8,,.2,0,62
278,의성,2025-03-18 01:00,-3.4,,.2,0,66
278,의성,2025-03-18 02:00,-3,,.3,0,67
278,의성,2025-03-18 03:00,-2.1,,.2,0,63
278,의성,2025-03-18 04:00,-1,,.9,360,69
278,의성,2025-03-18 05:00,-.6,,.7,340,69
278,의성,2025-03-18 06:00,.4,0,.5,270,77
278,의성,2025-03-18 07:00,-1.1,,.2,0,85
278,의성,2025-03-18 08:00,.2,,1,160,86
278,의성,2025-03-18 09:00,2.5,0,1.7,200,73
278,의성,2025-03-18 10:00,2.5,,2.9,270,59
278,의성,2025-03-18 11:00,1.4,,3.6,290,74
278,의성,2025-03-18 12:00,2,.6,1.6,290,83
278,의성,2025-03-18 13:00,1.9,,2.4,270,86
278,의성,2025-03-18 14:00,2,,3.7,250,80
278,의성,2025-03-18 15:00,4.6,.1,2.4,250,71
278,의성,2025-03-18 16:00,5,,4,290,55
278,의성,2025-03-18 17:00,3.8,,4.1,320,65
278,의성,2025-03-18 18:00,4.4,,4,340,62
278,의성,2025-03-18 19:00,3.6,,2.1,320,67
278,의성,2025-03-18 20:00,3.6,,1.1,320,69
278,의성,2025-03-18 21:00,3.4,,.4,0,71
278,의성,2025-03-18 22:00,3.1,,1.4,320,71
278,의성,2025-03-18 23:00,.9,,.1,0,82
278,의성,2025-03-19 00:00,-.7,,.3,0,89
278,의성,2025-03-19 01:00,-2.2,,.4,0,92
278,의성,2025-03-19 02:00,-2.6,,.1,0,94
278,의성,2025-03-19 03:00,-3.5,,.3,0,95
278,의성,2025-03-19 04:00,-4.2,,.2,0,96
278,의성,2025-03-19 05:00,-4.6,,.1,0,95
278,의성,2025-03-19 06:00,-5.2,,0,0,95
278,의성,2025-03-19 07:00,-5.2,,.1,0,95
278,의성,2025-03-19 08:00,-2.9,,.1,0,94
278,의성,2025-03-19 09:00,.7,,.1,0,84
278,의성,2025-03-19 10:00,3.8,,3,320,50
278,의성,2025-03-19 11:00,5.9,,2.4,250,37
278,의성,2025-03-19 12:00,6,,2.8,290,32
278,의성,2025-03-19 13:00,8,,3.4,250,27
278,의성,2025-03-19 14:00,7.3,,3.7,290,26
278,의성,2025-03-19 15:00,7.7,,4.7,270,30
278,의성,2025-03-19 16:00,8.1,,4,290,30
278,의성,2025-03-19 17:00,7.5,,2.8,250,29
278,의성,2025-03-19 18:00,6.6,,2.7,270,32
278,의성,2025-03-19 19:00,4.6,,.3,0,41
278,의성,2025-03-19 20:00,1.2,,.7,360,55
278,의성,2025-03-19 21:00,-.2,,.2,0,63
278,의성,2025-03-19 22:00,-1.9,,.2,0,68
278,의성,2025-03-19 23:00,-2.7,,.1,0,71
278,의성,2025-03-20 00:00,-3.2,,.2,0,73
278,의성,2025-03-20 01:00,-3.9,,.1,0,75
278,의성,2025-03-20 02:00,-4,,.1,0,76
278,의성,2025-03-20 03:00,-4.8,,.1,0,78
278,의성,2025-03-20 04:00,-5.1,,.5,320,81
278,의성,2025-03-20 05:00,-5,,.4,0,82
278,의성,2025-03-20 06:00,-5.6,,.2,0,85
278,의성,2025-03-20 07:00,-5.3,,.2,0,87
278,의성,2025-03-20 08:00,-3.4,,.1,0,81
278,의성,2025-03-20 09:00,.8,,.6,50,66
278,의성,2025-03-20 10:00,6.7,,1,140,57
278,의성,2025-03-20 11:00,9.2,,2.2,270,52
278,의성,2025-03-20 12:00,11.5,,2.7,270,48
278,의성,2025-03-20 13:00,13.5,,2.8,250,40
278,의성,2025-03-20 14:00,15,,3.3,250,35
278,의성,2025-03-20 15:00,16.1,,4.6,290,29
278,의성,2025-03-20 16:00,16.3,,4.5,270,28
278,의성,2025-03-20 17:00,16.2,,3.7,270,28
278,의성,2025-03-20 18:00,14.7,,3.5,290,29
278,의성,2025-03-20 19:00,12.9,,1.8,270,34
278,의성,2025-03-20 20:00,8.3,,.6,340,51
278,의성,2025-03-20 21:00,6.3,,.3,0,57
278,의성,2025-03-20 22:00,4.5,,.5,90,65
278,의성,2025-03-20 23:00,4.6,,.9,70,67
278,의성,2025-03-21 00:00,3.7,,.3,0,72
278,의성,2025-03-21 01:00,2.3,,.1,0,78
278,의성,2025-03-21 02:00,2,,0,0,81
278,의성,2025-03-21 03:00,.9,,.2,0,85
278,의성,2025-03-21 04:00,.2,,.4,0,87
278,의성,2025-03-21 05:00,-.5,,.2,0,91
278,의성,2025-03-21 06:00,-1,,.3,0,92
278,의성,2025-03-21 07:00,-1.2,,0,0,94
278,의성,2025-03-21 08:00,1.2,,0,0,86
278,의성,2025-03-21 09:00,5.8,,.5,70,67
278,의성,2025-03-21 10:00,12.4,,1.1,230,47
278,의성,2025-03-21 11:00,15.8,,.9,230,38
278,의성,2025-03-21 12:00,18.3,,2.1,270,31
278,의성,2025-03-21 13:00,20.3,,1.9,250,26
278,의성,2025-03-21 14:00,22.2,,5.7,250,16
278,의성,2025-03-21 15:00,23.3,,5,270,15
278,의성,2025-03-21 16:00,23,,4.4,290,15
278,의성,2025-03-21 17:00,22,,4.2,290,15
278,의성,2025-03-21 18:00,20.4,,4.9,290,17
278,의성,2025-03-21 19:00,18.3,,3.7,290,19
278,의성,2025-03-21 20:00,16.6,,2.4,250,24
278,의성,2025-03-21 21:00,12,,.2,0,38
278,의성,2025-03-21 22:00,9.1,,.2,0,52
278,의성,2025-03-21 23:00,8.7,,.3,0,49
278,의성,2025-03-22 00:00,7.7,,.5,160,52
278,의성,2025-03-22 01:00,8.2,,.7,140,49
278,의성,2025-03-22 02:00,6.2,,.2,0,59
278,의성,2025-03-22 03:00,5,,.8,160,63
278,의성,2025-03-22 04:00,3.3,,.1,0,71
278,의성,2025-03-22 05:00,2.4,,.1,0,74
278,의성,2025-03-22 06:00,1.8,,.1,0,76
278,의성,2025-03-22 07:00,1.2,,.1,0,78
278,의성,2025-03-22 08:00,4.7,,0,0,67
278,의성,2025-03-22 09:00,9.1,,.3,0,51
278,의성,2025-03-22 10:00,15.1,,.5,90,32
278,의성,2025-03-22 11:00,20.2,,1.9,230,25
278,의성,2025-03-22 12:00,22.2,,3.4,270,22
278,의성,2025-03-22 13:00,24.3,,4.7,270,20
278,의성,2025-03-22 14:00,24.7,,6.4,290,18
278,의성,2025-03-22 15:00,24.8,,7,270,17
278,의성,2025-03-22 16:00,24.1,,7.4,290,18
278,의성,2025-03-22 17:00,23.3,,5.3,290,18
278,의성,2025-03-22 18:00,22.1,,3.6,290,19
278,의성,2025-03-22 19:00,20.4,,2.7,270,21
278,의성,2025-03-22 20:00,18.4,,1.3,250,23
278,의성,2025-03-22 21:00,18.1,,2,270,22
278,의성,2025-03-22 22:00,15.2,,.7,250,28
278,의성,2025-03-22 23:00,12.2,,.5,160,37
